{"cameraMode":{"drawMode":0,"name":"Shaded","section":"Shading Mode"},"sceneLighting":true,"audioPlay":false,"sceneViewState":{"m_AlwaysRefresh":false,"showFog":true,"showSkybox":true,"showFlares":true,"showImageEffects":true,"showParticleSystems":true,"showVisualEffectGraphs":true,"m_FxEnabled":true},"in2DMode":false,"pivot":{"x":1.2829084396362305,"y":7.946315765380859,"z":-0.43220967054367068},"rotation":{"x":0.6860463619232178,"y":-0.001305985264480114,"z":0.0012611079728230835,"w":0.7276198267936707},"size":20.52622413635254,"orthographic":true}